{
  "intro_end": 5.526349206349206,
  "outro_start": 34.481632653061226,
  "duration": 39.97315192743764
}